licensee,assignment_count
ONE NEW ZEALAND GROUP LIMITED,11234
SPARK NEW ZEALAND TRADING LIMITED,10498
TWO DEGREES NETWORKS LIMITED,8816
CHORUS NEW ZEALAND LIMITED,3107
EONFIBRE LIMITED,2021
VITAL LIMITED,1980
KIWIRAIL,1919
KORDIA LIMITED,1472
RURAL CONNECTIVITY GROUP LIMITED,1258
"The Crown acting by and through the Chief Executive of the Ministry of Business, Innovation, and Employment",1079
NZ DEFENCE FORCE HEADQUARTERS,814
SPACE OPERATIONS NEW ZEALAND LIMITED,731
POWERCO LIMITED,674
ENTAIN NEW ZEALAND LIMITED,657
AIRWAYS CORPORATION OF NEW ZEALAND LIMITED,616
LIGHTWIRE LIMITED,609
NZME RADIO LIMITED,593
EVERY PERSON,576
QUBE PORTS NZ LIMITED,564
NEP BROADCAST SERVICES NEW ZEALAND LIMITED,557
KIWIRAIL LTD,533
MEDIAWORKS RADIO LIMITED,490
Fire and Emergency New Zealand,475
DEPARTMENT OF CONSERVATION,465
TAIT SYSTEMS NZ LIMITED,443
